Country Name,ISOCode,Indicator Name,Indicator Code,1960,1961,1962,1963,1964,1965,1966,1967,1968,1969,1970,1971,1972,1973,1974,1975,1976,1977,1978,1979,1980,1981,1982,1983,1984,1985,1986,1987,1988,1989,1990,1991,1992,1993,1994,1995,1996,1997,1998,1999,2000,2001,2002,2003,2004,2005,2006,2007,2008,2009,2010,2011,2012,2013,2014,2015,2016,2017,2018,2019,2020,2021,2022,2023
Aruba,ABW,"Central government debt, total (% of GDP)",GC.DOD.TOTL.GD.ZS,,,,,,,,,,,,,,,,,,,,,,,,,,,,,,,,,,,,,,,,,,,,,,,,,,,,,,,,,,,,,,,,
Africa Eastern and Southern,AFE,"Central government debt, total (% of GDP)",GC.DOD.TOTL.GD.ZS,,,,,,,,,,,,,,,,,,,,,,,,,,,,,,,,,,,,,,,,,,,,,,,,,,,,,,,,,,,,,,,,
Afghanistan,AFG,"Central government debt, total (% of GDP)",GC.DOD.TOTL.GD.ZS,,,,,,,,,,,,,,,,,,,,,,,,,,,,,,,,,,,,,,,,,,,,,,,,,,,,,,,,,,,,,,,,
Africa Western and Central,AFW,"Central government debt, total (% of GDP)",GC.DOD.TOTL.GD.ZS,,,,,,,,,,,,,,,,,,,,,,,,,,,,,,,,,,,,,,,,,,,,,,,,,,,,,,,,,,,,,,,,
Angola,AGO,"Central government debt, total (% of GDP)",GC.DOD.TOTL.GD.ZS,,,,,,,,,,,,,,,,,,,,,,,,,,,,,,,,,,,,,,,,,,,,,,,,,,,,,,,,,,,,,,,,
Albania,ALB,"Central government debt, total (% of GDP)",GC.DOD.TOTL.GD.ZS,,,,,,,,,,,,,,,,,,,,,,,,,,,,,,,,,,,,35.75690391,37.48106496,53.10782497,55.56570386,,,,,,,,,,,,,69.63767392,63.66915264,70.58076979,73.32022748,79.86441815,80.73558197,75.88872782,64.57038142,75.69848825,83.88749454,82.38361129,,
Andorra,AND,"Central government debt, total (% of GDP)",GC.DOD.TOTL.GD.ZS,,,,,,,,,,,,,,,,,,,,,,,,,,,,,,,,,,,,,,,,,,,,,,,,,,,,,,,,,,,,,,,,
Arab World,ARB,"Central government debt, total (% of GDP)",GC.DOD.TOTL.GD.ZS,,,,,,,,,,,,,,,,,,,,,,,,,,,,,,,,,,,,,,,,,,,,,,,,,,,,,,,,,,,,,,,,
United Arab Emirates,ARE,"Central government debt, total (% of GDP)",GC.DOD.TOTL.GD.ZS,,,,,,,,,,,,,,,,,,,,,,,,,,,,,,,,,,,,,,,,,,,,,,,,,,,,,,1.845685137,,,,,,,,,,
Argentina,ARG,"Central government debt, total (% of GDP)",GC.DOD.TOTL.GD.ZS,,,,,,,,,,,,,,,,,,,,,,,,,,,,,,,,,,,,,,,,,,,,,,,,,,,,,,,,,,,,,,,,
Armenia,ARM,"Central government debt, total (% of GDP)",GC.DOD.TOTL.GD.ZS,,,,,,,,,,,,,,,,,,,,,,,,,,,,,,,,,,,,,,,,,,,,,,,,,,,,,,,,,,,,50.02842069,63.40121401,60.08035977,46.55189867,
American Samoa,ASM,"Central government debt, total (% of GDP)",GC.DOD.TOTL.GD.ZS,,,,,,,,,,,,,,,,,,,,,,,,,,,,,,,,,,,,,,,,,,,,,,,,,,,,,,,,,,,,,,,,
Antigua and Barbuda,ATG,"Central government debt, total (% of GDP)",GC.DOD.TOTL.GD.ZS,,,,,,,,,,,,,,,,,,,,,,,,,,,,,,,,,,,,,,,,,,,,,,,,,,,,,,,,,,,,,,,,
Australia,AUS,"Central government debt, total (% of GDP)",GC.DOD.TOTL.GD.ZS,,,,,,,,,,,,,,,,,,,,,,,,,,,,,,,12.22772705,11.91897352,14.14554742,17.87421126,20.18876537,21.6803201,21.81110802,20.85994269,16.87750322,31.06607034,29.52281212,27.69330593,25.8835396,25.07371362,22.86107102,22.4060503,21.43929731,20.09571882,18.1805466,23.86865497,28.66210103,30.09344793,39.4386655,37.55574996,41.71288902,46.46578853,54.64430213,53.26422179,54.42969692,60.14198669,69.21905595,69.90771702,57.97474821,
Austria,AUT,"Central government debt, total (% of GDP)",GC.DOD.TOTL.GD.ZS,,,,,,,,,,,,,,,,,,,,,,,,,,,,,,,,,,,,,,,,64.21289554,64.73978224,65.1858555,67.81187325,66.79101912,66.46179758,74.30583793,70.42261078,66.75668187,71.93825775,83.33165188,85.78626983,85.69650738,90.60038781,87.69659924,95.79962927,95.08426588,94.69463696,89.40540885,84.21549189,83.11997121,99.90690188,94.63867736,75.05117642,
Azerbaijan,AZE,"Central government debt, total (% of GDP)",GC.DOD.TOTL.GD.ZS,,,,,,,,,,,,,,,,,,,,,,,,,,,,,,,,,,,,,,,,,,,,,,,,,4.576537975,6.295012401,6.385575792,,,,,,,,,,22.18999946,16.8224267,,
Burundi,BDI,"Central government debt, total (% of GDP)",GC.DOD.TOTL.GD.ZS,,,,,,,,,,,,,,,,,,,,,,,,,,,,,,,,,,,,,,,,,,,,,,,,,,,,,,,,,,,,,,,,
Belgium,BEL,"Central government debt, total (% of GDP)",GC.DOD.TOTL.GD.ZS,,,,,,,,,,,,,,,,,,,,,,,,,,,,,,,,,,,,125.5765909,127.330165,124.1013347,126.0056648,115.1211711,109.6474721,108.9175914,108.3462015,102.1996084,98.09879706,96.75457719,89.37556635,83.47823149,91.30088439,95.9430278,93.2064544,95.57076435,104.0284993,101.564361,112.3041623,108.5816486,110.1821227,103.8647204,101.3831517,103.366617,119.2694365,108.0102876,94.03943214,
Benin,BEN,"Central government debt, total (% of GDP)",GC.DOD.TOTL.GD.ZS,,,,,,,,,,,,,,,,,,,,,,,,,,,,,,,,,,,,,,,,,,,,,,,,,,,,,,,,,,,,,,,,
Burkina Faso,BFA,"Central government debt, total (% of GDP)",GC.DOD.TOTL.GD.ZS,,,,,,,,,,,,,,,,,,,,,,,,,,,,,,,,,,,,,,,,,,,,,,,,,,,,,,,,,,,45.57386105,47.06236338,73.38519256,55.73601048,62.52560943,
Bangladesh,BGD,"Central government debt, total (% of GDP)",GC.DOD.TOTL.GD.ZS,,,,,,,,,,,,,,,,,,,,,,,,,,,,,,,,,,,,,,,,,,31.46184316,31.86399152,31.20445211,,,,,,,,,,,,,,,,,,,,
Bulgaria,BGR,"Central government debt, total (% of GDP)",GC.DOD.TOTL.GD.ZS,,,,,,,,,,,,,,,,,,,,,,,,,,,,,,,,,,,,,,,56.74663052,66.45590597,61.57245826,61.33398316,52.88148258,47.39991863,40.17672065,31.13794004,27.73789185,24.12291284,17.96763243,20.1600091,20.58913653,19.48171787,21.79621685,22.05393932,32.50248539,30.85154895,35.54411054,32.23505414,28.69915361,26.93617066,32.26059232,32.89592156,30.29895731,
Bahrain,BHR,"Central government debt, total (% of GDP)",GC.DOD.TOTL.GD.ZS,,,,,,,,,,,,,,,,,,,,,,,,,,,,,,,7.675394355,14.40521656,18.73240545,17.01533638,15.72480226,14.93895661,13.90703987,14.91620566,18.61355528,20.83580327,25.74501489,27.10478363,28.37966711,32.4533576,29.3985592,,20.25406056,7.545456326,7.292625656,15.62940229,30.30678959,35.93609868,37.01247804,43.93780385,45.33295948,63.4862586,74.14615642,81.42325905,88.23971823,95.59885022,115.5171158,,,
"Bahamas, The",BHS,"Central government debt, total (% of GDP)",GC.DOD.TOTL.GD.ZS,,,,,,,,,,,,,,,,,,,,,,,,,,,,,,,24.41882502,27.97670322,30.63042779,34.43402329,34.86652347,33.99825022,34.22277639,21.7237965,20.95173286,19.64114437,18.75200428,,,,,,22.77745428,22.99085356,25.45550067,30.90820841,33.69228171,35.30642921,36.44949303,45.10870736,47.02135938,48.29858035,50.78514444,53.52854119,57.41367967,57.82838309,82.25603025,87.39033166,82.15955396,
Bosnia and Herzegovina,BIH,"Central government debt, total (% of GDP)",GC.DOD.TOTL.GD.ZS,,,,,,,,,,,,,,,,,,,,,,,,,,,,,,,,,,,,,,,,,,,,,,,,,,,,45.83469429,49.09026353,49.60975139,53.50086087,,52.23812774,47.37156299,44.89324081,44.02357192,45.42163684,46.97481914,41.74351052,
Belarus,BLR,"Central government debt, total (% of GDP)",GC.DOD.TOTL.GD.ZS,,,,,,,,,,,,,,,,,,,,,,,,,,,,,,,,,25.76086957,5.187817259,75.95571292,16.88006062,11.52012886,12.17146907,20.18054264,15.10311745,15.01445182,11.44061677,12.33668601,,,6.570220588,6.644401832,8.909260816,10.65663437,18.55746198,18.90524573,39.41681084,24.42931342,23.83729556,24.54880852,37.5980986,38.92409841,39.88017996,37.09564601,33.24422862,,,,
Belize,BLZ,"Central government debt, total (% of GDP)",GC.DOD.TOTL.GD.ZS,,,,,,,,,,,,,,,,,,,,,,,,,,,,,,,21.24223864,21.40986609,24.62605278,26.36980688,28.05075523,27.57878886,29.36364661,,,,,,50.58769194,66.86593747,78.89862448,69.97580831,67.36618144,64.36059894,62.26725404,65.20254996,64.40432586,62.84934721,61.70439561,61.54051811,61.40752321,,,,,,,,,
Bermuda,BMU,"Central government debt, total (% of GDP)",GC.DOD.TOTL.GD.ZS,,,,,,,,,,,,,,,,,,,,,,,,,,,,,,,,,,,,,,,,,,,,,,,,,,,,,,,,,,,,,,,,
Bolivia,BOL,"Central government debt, total (% of GDP)",GC.DOD.TOTL.GD.ZS,,,,,,,,,,,,,,,,,,,,,,,,,,,,,,,,,,,59.17172417,57.41137939,47.88280662,46.53650541,47.07519259,56.25758298,60.10919774,68.33985276,,,,,,,,,,,,,,,,,,,,,,
Brazil,BRA,"Central government debt, total (% of GDP)",GC.DOD.TOTL.GD.ZS,,,,,,,,,,,,,,,,,,,,,,,,,,,,,,,,,,,,,,,,,,,,,,,,,,,61.31878046,59.3416583,59.84949,57.22840938,58.45727111,67.53755403,73.41880381,83.66920265,86.60788412,92.56525319,98.70988195,85.01150367,79.10232189,
Barbados,BRB,"Central government debt, total (% of GDP)",GC.DOD.TOTL.GD.ZS,,,,,,,,,,,,,,,,,,,,,,,,,,,,,,,,,,,,,,,,,,,,,,63.79162386,62.3690592,66.80162674,71.08832247,86.85426266,95.62389502,100.1463809,112.466438,120.0639706,129.2033209,141.021451,146.4600534,,,,,,,
Brunei Darussalam,BRN,"Central government debt, total (% of GDP)",GC.DOD.TOTL.GD.ZS,,,,,,,,,,,,,,,,,,,,,,,,,,,,,,,,,,,,,,,,,,,,,,,,,,,,,,,,,,,,,,,,
Bhutan,BTN,"Central government debt, total (% of GDP)",GC.DOD.TOTL.GD.ZS,,,,,,,,,,,,,,,,,,,,,,,,,,,,,,,53.34635933,49.38629265,47.48335336,40.94079631,34.44202044,28.26394923,37.85327726,31.93674677,31.08262689,36.09335891,37.29239336,67.167991,54.12178058,65.62876127,71.89933849,75.69571003,71.29755566,59.81107281,57.69652986,53.93674966,51.99716894,58.71603591,68.17759953,90.3688626,86.31077547,82.28779493,93.67291868,95.77868108,95.84782115,90.35735791,111.0078973,,,
Botswana,BWA,"Central government debt, total (% of GDP)",GC.DOD.TOTL.GD.ZS,,,,,,,,,,,,,,,,,,,,,,,,,,,,,,,11.37110325,12.11680206,12.53215057,12.44505995,12.04239764,10.97207607,11.15675555,,,,,,,,,,6.023568087,5.943176413,8.004029974,19.25178187,21.88629705,21.07436228,20.62318079,19.01638129,18.32573361,19.08697767,15.80495231,14.68076918,15.23071514,16.19390431,19.61608146,,,
Central African Republic,CAF,"Central government debt, total (% of GDP)",GC.DOD.TOTL.GD.ZS,,,,,,,,,,,,,,,,,,,,,,,,,,,,,,,,,,,,,,,,,,,,,,,,,,,,,,,,,,,,,,,,
Canada,CAN,"Central government debt, total (% of GDP)",GC.DOD.TOTL.GD.ZS,,,,,,,,,,,,,,,,,,,,,,,,,,,,,,,,,,,,77.31262198,78.03866793,74.92840957,72.48279976,66.24583175,58.73797424,57.45835645,54.14911949,51.27133706,46.80098583,46.06165142,43.29167819,39.15856395,45.32051127,53.19244667,53.14973296,54.11938584,55.72516494,53.20086908,51.48270813,55.99158378,56.0236244,54.46256518,53.15153565,53.36232469,74.5540471,71.07396023,61.41786358,
Central Europe and the Baltics,CEB,"Central government debt, total (% of GDP)",GC.DOD.TOTL.GD.ZS,,,,,,,,,,,,,,,,,,,,,,,,,,,,,,,,,,,,,,,,,,,,,,,,,,,,,,,,,,,,,,,,
Switzerland,CHE,"Central government debt, total (% of GDP)",GC.DOD.TOTL.GD.ZS,,,,,,,,,,,,,,,,,,,,,,,,,,,,,,,12.32532176,13.04436452,15.23163907,18.44454813,20.06802587,22.49520878,22.90443587,24.9237649,27.1341876,25.00565488,25.77790616,24.70277358,29.74298448,28.80288908,29.36536952,29.39717832,25.76835389,23.65582945,23.0826539,21.70163739,20.99356622,21.14200705,21.34449593,20.21815744,20.61124279,20.43929496,19.38099266,20.28441183,18.67811857,18.95425981,20.85210767,19.98577902,17.80286392,
Channel Islands,CHI,"Central government debt, total (% of GDP)",GC.DOD.TOTL.GD.ZS,,,,,,,,,,,,,,,,,,,,,,,,,,,,,,,,,,,,,,,,,,,,,,,,,,,,,,,,,,,,,,,,
Chile,CHL,"Central government debt, total (% of GDP)",GC.DOD.TOTL.GD.ZS,,,,,,,,,,,,,,,,,,,,,,,,,,,,,,,,,,,,17.37231577,14.58447614,12.77982318,12.1152964,13.27700701,13.14564,,,,,,,,,,,,,,,,,,,,,,,
China,CHN,"Central government debt, total (% of GDP)",GC.DOD.TOTL.GD.ZS,,,,,,,,,,,,,,,,,,,,,,,,,,,,,,,,,,,,,,,,,,,,,,,,,,,,,,,,,,,,,,,,
Cote d'Ivoire,CIV,"Central government debt, total (% of GDP)",GC.DOD.TOTL.GD.ZS,,,,,,,,,,,,,,,,,,,,,,,,,,,,,,,,,,,,171.0654426,,,,,,,,,,,,,,,,,,,,,,,,,,,,
Cameroon,CMR,"Central government debt, total (% of GDP)",GC.DOD.TOTL.GD.ZS,,,,,,,,,,,,,,,,,,,,,,,,,,,,,,,35.6686948,48.8665342,58.64613734,48.59731537,106.5005227,106.2809792,,,84.81026402,79.4576584,,,,,,,,,,,,,,,,,,,,,,,,
"Congo, Dem. Rep.",COD,"Central government debt, total (% of GDP)",GC.DOD.TOTL.GD.ZS,,,,,,,,,,,,,,,,,,,,,,,,,,,,,,,289.8447271,113.5846667,128.4447081,104.0021075,169.7866114,232.9362311,243.5955063,152.1870019,,,,,,,,,,,,,,,,,,,,,,,,,15.98969681,
"Congo, Rep.",COG,"Central government debt, total (% of GDP)",GC.DOD.TOTL.GD.ZS,,,,,,,,,,,,,,,,,,,,,,,,,,,,,,,,,,,,,,,,,,,,,,,,,,60.22694172,25.48268447,,,,,,,,,,,,,
Colombia,COL,"Central government debt, total (% of GDP)",GC.DOD.TOTL.GD.ZS,,,,,,,,,,,,,,,,,,,,,,,,,,,,,,,,,,,,,,,5.403915491,19.06535087,17.70902168,,,52.53541953,,,,,65.24508031,68.99900334,72.45266993,62.86013282,65.22769588,67.10291195,47.97616952,53.27858747,66.90716091,66.72724785,71.65057025,72.70387858,91.15660694,80.36665162,70.14018401,
Comoros,COM,"Central government debt, total (% of GDP)",GC.DOD.TOTL.GD.ZS,,,,,,,,,,,,,,,,,,,,,,,,,,,,,,,,,,,,,,,,,,,,,,,,,,,,,,,,,,,,,,,,
Cabo Verde,CPV,"Central government debt, total (% of GDP)",GC.DOD.TOTL.GD.ZS,,,,,,,,,,,,,,,,,,,,,,,,,,,,,,,,,,,,,,,,,,,,,,,,,,,,,,,,,,,,,,,,
Costa Rica,CRI,"Central government debt, total (% of GDP)",GC.DOD.TOTL.GD.ZS,,,,,,,,,,,,,,,,,,,,,,,,,,,,,,,,,,,,,30.09821118,30.17903086,40.20510243,40.1048029,38.50184887,39.33511191,,,,,,,,,,,,,,,,,,,,,71.11157641,
Caribbean small states,CSS,"Central government debt, total (% of GDP)",GC.DOD.TOTL.GD.ZS,,,,,,,,,,,,,,,,,,,,,,,,,,,,,,,,,,,,,,,,,,,,,,,,,,,,,,,,,,,,,,,,
Cuba,CUB,"Central government debt, total (% of GDP)",GC.DOD.TOTL.GD.ZS,,,,,,,,,,,,,,,,,,,,,,,,,,,,,,,,,,,,,,,,,,,,,,,,,,,,,,,,,,,,,,,,
Curacao,CUW,"Central government debt, total (% of GDP)",GC.DOD.TOTL.GD.ZS,,,,,,,,,,,,,,,,,,,,,,,,,,,,,,,,,,,,,,,,,,,,,,,,,,,,,,,,,,,,,,,,
Cayman Islands,CYM,"Central government debt, total (% of GDP)",GC.DOD.TOTL.GD.ZS,,,,,,,,,,,,,,,,,,,,,,,,,,,,,,,,,,,,,,,,,,,,,,,,,,,,,,,,,,,,,,,,
Cyprus,CYP,"Central government debt, total (% of GDP)",GC.DOD.TOTL.GD.ZS,,,,,,,,,,,,,,,,,,,,,,,,,,,,,,,86.61874584,96.3842337,95.8339898,100.3304423,91.66831341,,,,,,,,,,,,,,,,,,,,,,,,,,,,,
Czechia,CZE,"Central government debt, total (% of GDP)",GC.DOD.TOTL.GD.ZS,,,,,,,,,,,,,,,,,,,,,,,,,,,,,,,,,,15.84093079,14.09637681,,,,,,,,,,,,,,,,,,,,,,,,,,,,,
Germany,DEU,"Central government debt, total (% of GDP)",GC.DOD.TOTL.GD.ZS,,,,,,,,,,,,,,,,,,,,,,,,,,,,,,,20.93058961,,,,,,,,,,,,,,,,,,,,,,,,,,,,,,,,,
Djibouti,DJI,"Central government debt, total (% of GDP)",GC.DOD.TOTL.GD.ZS,,,,,,,,,,,,,,,,,,,,,,,,,,,,,,,,,,,,,,,,,,,,,,,,,,,,,,,,,,,,,,,,
Dominica,DMA,"Central government debt, total (% of GDP)",GC.DOD.TOTL.GD.ZS,,,,,,,,,,,,,,,,,,,,,,,,,,,,,,,,,,,,,,,,,,,,,,,,,,,,,,,,,,,,,,,,
Denmark,DNK,"Central government debt, total (% of GDP)",GC.DOD.TOTL.GD.ZS,,,,,,,,,,,,,,,,,,,,,,,,,,,,,,,,62.13537155,66.6274703,78.23914946,75.26157028,,,,,,,,,,,,,,,,,,,,,,,,,,,,,
Dominican Republic,DOM,"Central government debt, total (% of GDP)",GC.DOD.TOTL.GD.ZS,,,,,,,,,,,,,,,,,,,,,,,,,,,,,,,,,,,,,20.96018308,17.5702325,,16.41680384,,,,,,,,,,,,,,,,,,,,,,,,
Algeria,DZA,"Central government debt, total (% of GDP)",GC.DOD.TOTL.GD.ZS,,,,,,,,,,,,,,,,,,,,,,,,,,,,,,,,,,,,,,,,,,,,,,,,,,,,,,,,,,,,,,,,
East Asia & Pacific (excluding high income),EAP,"Central government debt, total (% of GDP)",GC.DOD.TOTL.GD.ZS,,,,,,,,,,,,,,,,,,,,,,,,,,,,,,,,,,,,,,,,,,,,,,,,,,,,,,,,,,,,,,,,
Early-demographic dividend,EAR,"Central government debt, total (% of GDP)",GC.DOD.TOTL.GD.ZS,,,,,,,,,,,,,,,,,,,,,,,,,,,,,,,,,,,,,,,,,,,,,,,,,,,,,,,,,,,,,,,,
East Asia & Pacific,EAS,"Central government debt, total (% of GDP)",GC.DOD.TOTL.GD.ZS,,,,,,,,,,,,,,,,,,,,,,,,,,,,,,,,,,,,,,,,,,,,,,,,,,,,,,,,,,,,,,,,
Europe & Central Asia (excluding high income),ECA,"Central government debt, total (% of GDP)",GC.DOD.TOTL.GD.ZS,,,,,,,,,,,,,,,,,,,,,,,,,,,,,,,,,,,,,,,,,,,,,,,,,34.39378103,41.99360271,35.55186335,34.45241711,33.0428292,29.40276741,31.69216584,32.1576316,32.98862299,32.2597862,31.54007272,33.64478235,40.66502213,38.93287708,,
Europe & Central Asia,ECS,"Central government debt, total (% of GDP)",GC.DOD.TOTL.GD.ZS,,,,,,,,,,,,,,,,,,,,,,,,,,,,,,,,,,,,,,,,,,,,,,,,,,,,,,,,,,,,,,,,
Ecuador,ECU,"Central government debt, total (% of GDP)",GC.DOD.TOTL.GD.ZS,,,,,,,,,,,,,,,,,,,,,,,,,,,,,,,,,,,,,,,,,,,,,,,,,,,,,,,,,,,,,,,,
"Egypt, Arab Rep.",EGY,"Central government debt, total (% of GDP)",GC.DOD.TOTL.GD.ZS,,,,,,,,,,,,,,,,,,,,,,,,,,,,,,,,,,,,,,,,,,,,,,,,85.78853383,,,,,,,,,,,,,,,,
Euro area,EMU,"Central government debt, total (% of GDP)",GC.DOD.TOTL.GD.ZS,,,,,,,,,,,,,,,,,,,,,,,,,,,,,,,,,,,,,,,,,,,,,,,,,,,,,,,,,,,,,,,,
Eritrea,ERI,"Central government debt, total (% of GDP)",GC.DOD.TOTL.GD.ZS,,,,,,,,,,,,,,,,,,,,,,,,,,,,,,,,,,,,,,,,,,,,,,,,,,,,,,,,,,,,,,,,
Spain,ESP,"Central government debt, total (% of GDP)",GC.DOD.TOTL.GD.ZS,,,,,,,,,,,2002.510415,1767.385574,,,,,,,,,,,,,,,,,,,35.13232241,35.16511727,36.98413353,46.69882232,48.10463682,57.88357149,64.2155121,64.00972094,64.25782547,59.15738053,56.41656756,51.99516701,50.16536985,45.49913848,43.4691213,40.26751027,35.78905763,31.79219514,35.7977494,48.3646993,50.16780071,58.05764995,77.80506718,92.31229443,105.5729617,105.3954767,106.7808554,107.2863711,107.9745073,112.0506343,140.1786957,134.0198588,111.4266632,
Estonia,EST,"Central government debt, total (% of GDP)",GC.DOD.TOTL.GD.ZS,,,,,,,,,,,,,,,,,,,,,,,,,,,,,,,,,,,,,,,6.909220025,7.841843336,4.066987003,3.811326323,4.429484901,4.86252614,5.273353741,5.181045677,4.944383971,4.229534012,5.058350961,8.224680467,7.897645108,5.991393308,13.55217445,13.79847604,13.95485067,13.12274003,14.07077738,13.42557616,13.45856977,13.92936694,23.77289115,23.89299664,25.20109125,
Ethiopia,ETH,"Central government debt, total (% of GDP)",GC.DOD.TOTL.GD.ZS,,,,,,,,,,,,,,,,,,,,,,,,,,,,,,,47.17589236,49.64715478,43.30079488,71.50338555,90.25231001,80.61820764,70.39364894,67.73174268,76.06384427,83.47202478,,,,,,,,,,,,,,10.73328378,26.93727974,27.94312504,29.00569007,30.0951132,32.5332185,31.44884867,,,,
European Union,EUU,"Central government debt, total (% of GDP)",GC.DOD.TOTL.GD.ZS,,,,,,,,,,,,,,,,,,,,,,,,,,,,,,,,,,,,,,,,,,,,,,,,,,,,,,,,,,,,,,,,
Fragile and conflict affected situations,FCS,"Central government debt, total (% of GDP)",GC.DOD.TOTL.GD.ZS,,,,,,,,,,,,,,,,,,,,,,,,,,,,,,,,,,,,,,,,,,,,,,,,,,,,,,,,,,,,,,,,
Finland,FIN,"Central government debt, total (% of GDP)",GC.DOD.TOTL.GD.ZS,,,,,,,,,,,,,,,,,,,,,,,,,,,,,,,10.47561955,17.0154335,34.1069451,51.62475302,58.2474104,,,,,,,,,,,,,,,,,,,,,,,,,,,,,
Fiji,FJI,"Central government debt, total (% of GDP)",GC.DOD.TOTL.GD.ZS,,,,,,,,,,,,,,,,,,,,,,,,,,,,,,,,36.84182174,33.67358458,36.53835481,36.62825932,,,,,,,,,,,,,,,,,,,,,,,,,,,,,
France,FRA,"Central government debt, total (% of GDP)",GC.DOD.TOTL.GD.ZS,,,,,,,,,,,,,,,,,,,,,,,,,,,,,,,,,,,,,,,62.36396883,59.1702064,58.29925233,57.81887921,61.17654987,63.67355424,64.64241302,65.61117387,60.97429268,59.48742119,65.37256949,77.94778204,80.30129971,82.29224206,90.2797486,90.96854367,97.55438385,97.98033326,102.2620449,102.2152651,101.6221344,104.9611611,123.1721712,116.8867735,98.66052415,
Faroe Islands,FRO,"Central government debt, total (% of GDP)",GC.DOD.TOTL.GD.ZS,,,,,,,,,,,,,,,,,,,,,,,,,,,,,,,,,,,,,,,,,,,,,,,,,,,,,,,,,,,,,,,,
"Micronesia, Fed. Sts.",FSM,"Central government debt, total (% of GDP)",GC.DOD.TOTL.GD.ZS,,,,,,,,,,,,,,,,,,,,,,,,,,,,,,,,,,,,,,,,,,,,,,,,,26.60897543,25.44162184,24.15488134,25.2019617,27.11517204,26.32302411,23.38973481,29.94314479,25.95939692,31.59722033,23.69796607,24.15144416,27.86301425,,,
Gabon,GAB,"Central government debt, total (% of GDP)",GC.DOD.TOTL.GD.ZS,,,,,,,,,,,,,,,,,,,,,,,,,,,,,,,,,,,,,,,,,,,,,,,,,,,,,,,,,,,,,,,,
United Kingdom,GBR,"Central government debt, total (% of GDP)",GC.DOD.TOTL.GD.ZS,,,,,,,,,,,,,,,,,,,,,,,,,,,,,,,30.20337095,29.19489603,30.39975006,35.31355001,40.48008846,88.53758606,87.53616786,88.69798249,90.48673962,87.58789856,87.60202116,84.36484358,86.40064661,86.69351698,90.51168234,92.15892201,92.16460445,93.80223315,105.4065638,123.7283397,131.0878784,143.7590145,147.0536816,141.6433278,150.5916197,147.9494127,156.6044652,161.2700614,158.1630662,160.3221869,196.6123934,186.8521185,142.2830421,
Georgia,GEO,"Central government debt, total (% of GDP)",GC.DOD.TOTL.GD.ZS,,,,,,,,,,,,,,,,,,,,,,,,,,,,,,,,,,,,61.05163487,46.40299858,45.9022152,56.90647339,60.77760333,58.51963396,56.0323644,55.44930258,45.50740883,36.91560722,29.22923354,23.09008767,19.20406266,23.47325543,30.85677749,31.42083164,27.69722978,28.10481414,28.9477658,30.39215686,36.00034734,39.47883895,38.84131592,38.2238727,44.7236858,65.19331579,54.72712601,42.96939336,
Ghana,GHA,"Central government debt, total (% of GDP)",GC.DOD.TOTL.GD.ZS,,,,,,,,,,,,,,,,,,,,,,,,,,,,,,,,,,,,,,,,,,,,,,,,,,,,,,,,,,,,,,,,
Gibraltar,GIB,"Central government debt, total (% of GDP)",GC.DOD.TOTL.GD.ZS,,,,,,,,,,,,,,,,,,,,,,,,,,,,,,,,,,,,,,,,,,,,,,,,,,,,,,,,,,,,,,,,
Guinea,GIN,"Central government debt, total (% of GDP)",GC.DOD.TOTL.GD.ZS,,,,,,,,,,,,,,,,,,,,,,,,,,,,,,,,,,,,,,,,,,,,,,,,,,,,,,,,,,,,,,,,
"Gambia, The",GMB,"Central government debt, total (% of GDP)",GC.DOD.TOTL.GD.ZS,,,,,,,,,,,,,,,,,,,,,,,,,,,,,,,,,,,,,,,,,,,,,,,,,,,,,,,,,,,,,,,,
Guinea-Bissau,GNB,"Central government debt, total (% of GDP)",GC.DOD.TOTL.GD.ZS,,,,,,,,,,,,,,,,,,,,,,,,,,,,,,,,,,,,,,,,,,,,,,,,,,,,,,,,,,,,,,,,
Equatorial Guinea,GNQ,"Central government debt, total (% of GDP)",GC.DOD.TOTL.GD.ZS,,,,,,,,,,,,,,,,,,,,,,,,,,,,,,,,,,,,,,,,,,,,,,,,,,,,,,,,,,,,,,,,
Greece,GRC,"Central government debt, total (% of GDP)",GC.DOD.TOTL.GD.ZS,,,,,,,,,,,,,,,,,,,,,,,,,,,,,,,,,,,,,,109.6488573,108.066837,109.0266289,119.4314572,123.5990185,125.626343,120.6540829,126.6596579,127.5480281,126.5730585,123.820896,127.1583264,143.9804531,136.6022242,116.2115936,168.0351637,185.7616153,189.317574,189.1815337,194.6391093,198.9571154,208.851528,212.4539436,253.2258907,237.4925698,203.2858092,
Grenada,GRD,"Central government debt, total (% of GDP)",GC.DOD.TOTL.GD.ZS,,,,,,,,,,,,,,,,,,,,,,,,,,,,,,,,,,,,,,,,,,,,,,,,,,,,,,,,,,,,,,,,
Greenland,GRL,"Central government debt, total (% of GDP)",GC.DOD.TOTL.GD.ZS,,,,,,,,,,,,,,,,,,,,,,,,,,,,,,,,,,,,,,,,,,,,,,,,,,,,,,,,,,,,,,,,
Guatemala,GTM,"Central government debt, total (% of GDP)",GC.DOD.TOTL.GD.ZS,,,,,,,,,,,,,,,,,,,,,,,,,,,,,,,24.48068514,17.75179131,15.83121931,13.62250812,13.16194904,11.40499902,11.24183287,11.34521767,11.28016784,13.47018859,16.98382301,20.26902332,18.69247732,21.03844097,22.14445739,21.60212014,22.23477296,21.98699753,20.38340804,23.3939732,24.81695941,24.56395978,24.70074241,25.20994956,,,,,,,,,,
Guam,GUM,"Central government debt, total (% of GDP)",GC.DOD.TOTL.GD.ZS,,,,,,,,,,,,,,,,,,,,,,,,,,,,,,,,,,,,,,,,,,,,,,,,,,,,,,,,,,,,,,,,
Guyana,GUY,"Central government debt, total (% of GDP)",GC.DOD.TOTL.GD.ZS,,,,,,,,,,,,,,,,,,,,,,,,,,,,,,,,,,,,,,,,,,,,,,,,,,,,,,,,,,,,,,,,
High income,HIC,"Central government debt, total (% of GDP)",GC.DOD.TOTL.GD.ZS,,,,,,,,,,,,,,,,,,,,,,,,,,,,,,,37.15310343,40.63850736,42.66976129,43.39610384,45.52034809,,,54.05845374,59.76321777,56.86904463,53.11777309,61.69240221,63.37410138,66.7019733,67.49816353,65.32160779,63.3980204,63.11695702,69.81429543,81.70683758,87.42430815,93.17527701,96.29443348,96.54892737,100.2591748,100.8663976,102.9396556,102.6102641,103.3444711,105.1110907,126.0457001,121.6871376,110.6559676,
"Hong Kong SAR, China",HKG,"Central government debt, total (% of GDP)",GC.DOD.TOTL.GD.ZS,,,,,,,,,,,,,,,,,,,,,,,,,,,,,,,,,,,,,,,,,,,,,,,,,,,,,,,,,,,,,,,,
Honduras,HND,"Central government debt, total (% of GDP)",GC.DOD.TOTL.GD.ZS,,,,,,,,,,,,,,,,,,,,,,,,,,,,,,,,,,,,,,,,,,,,,,,,,,,,,,,,,,,,,,,,
Heavily indebted poor countries (HIPC),HPC,"Central government debt, total (% of GDP)",GC.DOD.TOTL.GD.ZS,,,,,,,,,,,,,,,,,,,,,,,,,,,,,,,,,,,,,,,,,,,,,,,,,,,,,,,,,,,,,,,,
Croatia,HRV,"Central government debt, total (% of GDP)",GC.DOD.TOTL.GD.ZS,,,,,,,,,,,,,,,,,,,,,,,,,,,,,,,,,,,,,,,,28.53792515,34.25029479,41.19732372,40.59176623,42.68488201,44.82197798,45.7652653,43.38583856,43.25889916,45.66203142,56.31320874,65.50421153,72.06742645,76.51363872,87.51521464,93.31039866,95.5873962,93.09374885,86.56856784,83.31650544,81.15496216,98.00345845,90.32472896,82.07979639,
Haiti,HTI,"Central government debt, total (% of GDP)",GC.DOD.TOTL.GD.ZS,,,,,,,,,,,,,,,,,,,,,,,,,,,,,,,,,,,,,,,,,,,,,,,,,,,,,,,,,,,,,,,,
Hungary,HUN,"Central government debt, total (% of GDP)",GC.DOD.TOTL.GD.ZS,,,,,,,,,,,,,,,,,,,,,,,,,,,,,,,,71.22759326,75.47569118,86.11350849,83.31873999,86.11386343,75.00998623,67.31687826,64.16309276,66.7855663,61.21142427,59.36569321,59.01467369,59.76332162,63.00795275,65.22712625,68.3849879,69.14049228,72.65185206,81.1091689,81.28171515,90.5625449,94.14751321,94.73319021,98.67133092,96.39735356,96.77762377,91.98722477,86.52965159,83.36830159,95.93720225,86.92368625,75.52595348,
IBRD only,IBD,"Central government debt, total (% of GDP)",GC.DOD.TOTL.GD.ZS,,,,,,,,,,,,,,,,,,,,,,,,,,,,,,,,,,,,,,,,,,,,,,,,,,,,,,,,,,,,,,,,
IDA & IBRD total,IBT,"Central government debt, total (% of GDP)",GC.DOD.TOTL.GD.ZS,,,,,,,,,,,,,,,,,,,,,,,,,,,,,,,,,,,,,,,,,,,,,,,,,,,,,,,,,,,,,,,,
IDA total,IDA,"Central government debt, total (% of GDP)",GC.DOD.TOTL.GD.ZS,,,,,,,,,,,,,,,,,,,,,,,,,,,,,,,,,,,,,,,,,,,,,,,,,,,,,,,,,,,,,,,,
IDA blend,IDB,"Central government debt, total (% of GDP)",GC.DOD.TOTL.GD.ZS,,,,,,,,,,,,,,,,,,,,,,,,,,,,,,,,,,,,,,,,,,,,,,,,,,,,,,,,,,,,,,,,
Indonesia,IDN,"Central government debt, total (% of GDP)",GC.DOD.TOTL.GD.ZS,,,,,,,,,,,,,,,,,,,,,,,,,,,,,,,45.74145233,40.27562957,42.70935743,37.49759685,36.57059016,30.80432488,23.92314221,72.48531853,55.20408766,45.20796711,,,32.22412653,29.71739625,,,,,34.22502821,29.99730638,26.16615928,24.86514467,25.03440084,27.78192722,27.4216122,30.30912614,31.36619071,32.42906712,33.13941924,33.72915562,42.90179665,44.40381707,45.33655693,
IDA only,IDX,"Central government debt, total (% of GDP)",GC.DOD.TOTL.GD.ZS,,,,,,,,,,,,,,,,,,,,,,,,,,,,,,,,,,,,,,,,,,,,,,,,,,,,,,,,,,,,,,,,
Isle of Man,IMN,"Central government debt, total (% of GDP)",GC.DOD.TOTL.GD.ZS,,,,,,,,,,,,,,,,,,,,,,,,,,,,,,,,,,,,,,,,,,,,,,,,,,,,,,,,,,,,,,,,
India,IND,"Central government debt, total (% of GDP)",GC.DOD.TOTL.GD.ZS,,,,,,,,,,,,,,,,,,,,,,,,,,,,,,,50.78325379,50.01008036,49.68090136,51.75980829,49.5942827,47.4916413,45.7233077,50.36543613,50.31921817,51.35295144,55.0042465,59.0179098,62.55277129,62.1900539,62.59297674,62.2265261,59.66673028,57.49753639,57.29221428,55.25644611,51.5919103,51.55655366,50.67803056,50.31182736,49.90092487,49.96471839,47.63375559,47.58360938,46.52249867,,,,,
Not classified,INX,"Central government debt, total (% of GDP)",GC.DOD.TOTL.GD.ZS,,,,,,,,,,,,,,,,,,,,,,,,,,,,,,,,,,,,,,,,,,,,,,,,,,,,,,,,,,,,,,,,
Ireland,IRL,"Central government debt, total (% of GDP)",GC.DOD.TOTL.GD.ZS,,,,,,,,,,,,,,,,,,,,,,,,,,,,,,,,,,,,,,,60.00982783,49.14171573,38.14236579,35.00722021,33.68014066,32.36730133,30.82059075,30.77365541,27.03947322,26.9931796,46.62554366,66.62220694,82.49209216,111.5710568,130.0162705,131.9222399,120.9794915,88.38886955,85.49461184,76.46198137,75.01688348,69.61080161,71.3027371,64.33586271,46.71424172,
"Iran, Islamic Rep.",IRN,"Central government debt, total (% of GDP)",GC.DOD.TOTL.GD.ZS,,,,,,,,,,,,,,,,,,,,,,,,,,,,,,,,,,,,,,,,,,,,,,,,,,,,,,,,,,,,,,,,
Iraq,IRQ,"Central government debt, total (% of GDP)",GC.DOD.TOTL.GD.ZS,,,,,,,,,,,,,,,,,,,,,,,,,,,,,,,,,,,,,,,,,,,,,,,,,,,,,,,,27.39189089,29.47606783,35.86300616,27.43824837,,,,,
Iceland,ISL,"Central government debt, total (% of GDP)",GC.DOD.TOTL.GD.ZS,,,,,,,,,,,,,,,,,,,,,,,,,,,,,,,29.91436565,31.31516329,37.64887791,43.06175493,44.10450345,46.34465767,45.69883498,68.46571755,63.17670298,59.15767935,58.25802059,60.28438052,56.29940624,54.44463383,48.27972429,84.71765917,86.9818397,84.26241869,129.7384322,145.7459808,150.6338125,156.9159182,152.7396245,140.9545802,135.7965219,117.3708396,103.3624232,90.4444869,81.96219674,90.11418947,100.3162621,95.92353753,86.49654623,
Israel,ISR,"Central government debt, total (% of GDP)",GC.DOD.TOTL.GD.ZS,,,,,,,,,,,,,,,,,,,,,,,,,,,,,,,132.8802554,118.4061054,114.7806809,112.5109613,104.0980959,99.85811749,98.69719063,93.88538216,94.83405991,88.60319026,,,,,,,,,,,,,,,,,,,,,,,,
Italy,ITA,"Central government debt, total (% of GDP)",GC.DOD.TOTL.GD.ZS,,,,,,,,,,,,,,,,,,,,,,,,,,,,,,,,71.42308813,77.46365903,,,,,,,,,,,,,,,,,,,,,,,,,,,,,,,
Jamaica,JAM,"Central government debt, total (% of GDP)",GC.DOD.TOTL.GD.ZS,,,,,,,,,,,,,,,,,,,,,,,,,,,,,,,138.7413276,232.8322106,123.6069513,112.1971751,94.66074289,83.86118418,72.25219524,73.70000908,81.6705597,88.96364365,98.33415571,117.5350336,127.777467,127.4332556,122.0080686,121.0024762,117.6988115,112.9899902,120.3398246,134.6787698,136.2243349,133.9784598,137.9346699,135.885095,132.4138905,124.6483008,122.6557478,102.4636034,,92.24644845,106.282373,,,
Jordan,JOR,"Central government debt, total (% of GDP)",GC.DOD.TOTL.GD.ZS,,,,,,,,,,,,,,,,,,,,,,,,,,,,,,,128.7946833,129.9996619,152.6010968,125.609618,116.4459642,105.0628884,106.234221,100.3854165,101.1725908,99.90585466,93.71097071,90.82656316,85.07403591,88.9183394,89.02223486,79.9498073,72.62491335,69.95952618,55.06605258,59.22146688,59.77108436,60.42177199,65.35061394,73.72381225,77.71399175,78.86144967,74.07186077,75.38050205,,79.345191,75.96607269,,101.139706,
Japan,JPN,"Central government debt, total (% of GDP)",GC.DOD.TOTL.GD.ZS,,,,,,,,,,,,,,,,,,,,,,,,,,,,,,,52.01269209,38.17618736,38.91493435,42.11594183,55.11190585,60.77122237,65.41006169,72.99671748,80.47828377,90.65379413,98.93382307,102.846758,111.8762497,121.9153209,127.5476298,128.2074929,128.5996679,132.2220465,138.5742742,156.9844853,160.4980984,175.5676412,183.7062093,186.5642973,192.1128503,194.5840612,193.2304378,193.4891597,197.3356094,198.0103092,215.7555406,216.3293649,216.2133755,
Kazakhstan,KAZ,"Central government debt, total (% of GDP)",GC.DOD.TOTL.GD.ZS,,,,,,,,,,,,,,,,,,,,,,,,,,,,,,,,,,,,,,,,,,,,,,,,,,,9.522963251,8.801310072,10.49811385,10.84063915,12.64696963,19.30791606,16.76942527,16.93035826,21.99223694,18.48304695,23.7157605,22.41204058,,
Kenya,KEN,"Central government debt, total (% of GDP)",GC.DOD.TOTL.GD.ZS,,,,,,,,,,,,,,,,,,,,,,,,,,,,,,,,,,,,,,,,,,,,,,,,,,,,,,,,,,,,,,,,
Kyrgyz Republic,KGZ,"Central government debt, total (% of GDP)",GC.DOD.TOTL.GD.ZS,,,,,,,,,,,,,,,,,,,,,,,,,,,,,,,,,,,,,,,,,,,,,,,,,,,,,,,53.88932702,72.45655758,60.47351087,60.91822868,51.65678584,51.33253784,67.95622229,56.36236946,47.08548054,
Cambodia,KHM,"Central government debt, total (% of GDP)",GC.DOD.TOTL.GD.ZS,,,,,,,,,,,,,,,,,,,,,,,,,,,,,,,,,,,,,,,,,,,,,,,,,,,,,,,,,,,,,,,,
Kiribati,KIR,"Central government debt, total (% of GDP)",GC.DOD.TOTL.GD.ZS,,,,,,,,,,,,,,,,,,,,,,,,,,,,,,,,,,,,,,,,,,,,,,,,,,,,,,,,,,,,,,,,
St. Kitts and Nevis,KNA,"Central government debt, total (% of GDP)",GC.DOD.TOTL.GD.ZS,,,,,,,,,,,,,,,,,,,,,,,,,,,,,,,,,,,,,,,,,,,79.26880958,92.30854203,90.82805433,92.32122914,84.65906478,97.04632281,92.48170725,100.7544759,104.8779096,103.0095905,96.86205705,67.10213274,57.66639437,,,,,,,,,
"Korea, Rep.",KOR,"Central government debt, total (% of GDP)",GC.DOD.TOTL.GD.ZS,,,,,,,,,,,,,,,,,,,,,,,,,,,,,,,7.442801569,10.24286017,9.99384595,9.200418933,8.178936862,7.216889769,6.862980184,8.679860473,,,,,,,,,,,,,,,32.40902058,34.9298593,36.50026402,37.49295711,38.06551416,37.34863514,37.55564318,39.96948014,46.43159664,48.95527864,51.17913232,
Kuwait,KWT,"Central government debt, total (% of GDP)",GC.DOD.TOTL.GD.ZS,,,,,,,,,,,,,,,,,,,,,,,,,,,,,,,,,,,,,,,,,,,,,,,,,,,,,,,,,,,,,,,,
Latin America & Caribbean (excluding high income),LAC,"Central government debt, total (% of GDP)",GC.DOD.TOTL.GD.ZS,,,,,,,,,,,,,,,,,,,,,,,,,,,,,,,,,,,,,,,,,,,,,,,,,,,,,,,,,,,,71.01909447,77.94653748,69.25901014,66.49092413,
Lao PDR,LAO,"Central government debt, total (% of GDP)",GC.DOD.TOTL.GD.ZS,,,,,,,,,,,,,,,,,,,,,,,,,,,,,,,,,,,,,,,,,,,,,,,,,,,,,,,,,,,,,,,,
Lebanon,LBN,"Central government debt, total (% of GDP)",GC.DOD.TOTL.GD.ZS,,,,,,,,,,,,,,,,,,,,,,,,,,,,,,,,,,,,,,96.90886598,106.9570538,128.6412691,,,,,,,,,,,,,,,,,,,,,,,,
Liberia,LBR,"Central government debt, total (% of GDP)",GC.DOD.TOTL.GD.ZS,,,,,,,,,,,,,,,,,,,,,,,,,,,,,,,,,,,,,,,,,,,,,,,,,,,,21.73060884,20.31799525,,,,,,,,,,,
Libya,LBY,"Central government debt, total (% of GDP)",GC.DOD.TOTL.GD.ZS,,,,,,,,,,,,,,,,,,,,,,,,,,,,,,,,,,,,,,,,,,,,,,,,,,,,,,,,,,,,,,,,
St. Lucia,LCA,"Central government debt, total (% of GDP)",GC.DOD.TOTL.GD.ZS,,,,,,,,,,,,,,,,,,,,,,,,,,,,,,,,,,,,,,,,,30.8776807,40.07053942,50.03292181,48.51837959,49.58333333,52.03522505,47.19573744,45.29805321,41.63453013,43.39770236,45.85702721,,,,,,,,,,,,,
Latin America & Caribbean,LCN,"Central government debt, total (% of GDP)",GC.DOD.TOTL.GD.ZS,,,,,,,,,,,,,,,,,,,,,,,,,,,,,,,,,,,,,,,,,,,,,,,,,,,,,,,,,,,,70.70276548,77.72044527,69.30846833,,
Least developed countries: UN classification,LDC,"Central government debt, total (% of GDP)",GC.DOD.TOTL.GD.ZS,,,,,,,,,,,,,,,,,,,,,,,,,,,,,,,,,,,,,,,,,,,,,,,,,,,,,,,,,,,,,,,,
Low income,LIC,"Central government debt, total (% of GDP)",GC.DOD.TOTL.GD.ZS,,,,,,,,,,,,,,,,,,,,,,,,,,,,,,,,,,,,,,,,,,,,,,,,,,,,,,,,,,,,,,,,
Liechtenstein,LIE,"Central government debt, total (% of GDP)",GC.DOD.TOTL.GD.ZS,,,,,,,,,,,,,,,,,,,,,,,,,,,,,,,,,,,,,,,,,,,,,,,,,,,,,,,,,,,,,,,,
Sri Lanka,LKA,"Central government debt, total (% of GDP)",GC.DOD.TOTL.GD.ZS,,,,,,,,,,,,,,,,,,,,,,,,,,,,,,,96.58062551,98.48339578,95.36191195,96.7978141,94.85532323,94.6498206,92.34398434,86.10593167,89.19582391,95.10815461,96.90403265,103.2192741,105.5249908,102.270712,102.3285367,90.60491311,88.69948412,84.99441695,,86.06349191,69.25302518,68.52573941,66.74723537,68.35361656,68.59104233,73.51265916,,,,,,,,
Lower middle income,LMC,"Central government debt, total (% of GDP)",GC.DOD.TOTL.GD.ZS,,,,,,,,,,,,,,,,,,,,,,,,,,,,,,,,,,,,,,,,,,,,,,,,,,,,,,,,,,,,,,,,
Low & middle income,LMY,"Central government debt, total (% of GDP)",GC.DOD.TOTL.GD.ZS,,,,,,,,,,,,,,,,,,,,,,,,,,,,,,,,,,,,,,,,,,,,,,,,,,,,,,,,,,,,,,,,
Lesotho,LSO,"Central government debt, total (% of GDP)",GC.DOD.TOTL.GD.ZS,,,,,,,,,,,,,,,,,,,,,,,,,,,,,,,,,,,,,,,,,,,,,,,,,37.51718539,41.69057226,29.56359928,27.13089059,32.18378734,33.20863498,33.01749279,33.13838462,42.06043246,37.36802276,32.84471435,32.16703189,2.993243596,,,
Late-demographic dividend,LTE,"Central government debt, total (% of GDP)",GC.DOD.TOTL.GD.ZS,,,,,,,,,,,,,,,,,,,,,,,,,,,,,,,,,,,,,,,,,,,,,,,,,,,,,,,,,,,,,,,,
Lithuania,LTU,"Central government debt, total (% of GDP)",GC.DOD.TOTL.GD.ZS,,,,,,,,,,,,,,,,,,,,,,,,,,,,,,,,,,,,,,,27.61624746,31.07856604,32.69302355,31.73420722,30.52248233,27.26441496,26.13179745,23.93573132,20.82323787,17.68951867,14.76887968,30.74369033,41.22611774,41.05385583,47.1986084,44.83591552,48.3320103,49.64569145,47.7316659,44.95010762,38.50309345,42.11434592,52.86411299,48.21050394,36.04848511,
Luxembourg,LUX,"Central government debt, total (% of GDP)",GC.DOD.TOTL.GD.ZS,,,,,,,,,,,,,,,,,,,,,,,,,,,,,,,2.520160788,1.956575018,2.622157604,2.901345146,,,,,,,,,,,,,,,,,,,,,,,,,,,,,,
Latvia,LVA,"Central government debt, total (% of GDP)",GC.DOD.TOTL.GD.ZS,,,,,,,,,,,,,,,,,,,,,,,,,,,,,,,,,,,10.26318482,,,,,,,,,,,,,,,,,,,,,,,,,,,,,
"Macao SAR, China",MAC,"Central government debt, total (% of GDP)",GC.DOD.TOTL.GD.ZS,,,,,,,,,,,,,,,,,,,,,,,,,,,,,,,,,,,,,,,,,,,,,,,,,,,,,,,,,,,,,,,,
St. Martin (French part),MAF,"Central government debt, total (% of GDP)",GC.DOD.TOTL.GD.ZS,,,,,,,,,,,,,,,,,,,,,,,,,,,,,,,,,,,,,,,,,,,,,,,,,,,,,,,,,,,,,,,,
Morocco,MAR,"Central government debt, total (% of GDP)",GC.DOD.TOTL.GD.ZS,,,,,,,,,,,,,,,,,,,,,,,,,,,,,,,87.19675998,62.06741628,70.93786898,74.12313156,69.82591552,68.39491528,,64.46241514,55.01247083,55.44498073,,,48.47507862,,,53.66629657,49.57461006,46.30353808,41.28513147,43.62574348,47.09826567,51.22632157,,,,,,,,,,,,
Monaco,MCO,"Central government debt, total (% of GDP)",GC.DOD.TOTL.GD.ZS,,,,,,,,,,,,,,,,,,,,,,,,,,,,,,,,,,,,,,,,,,,,,,,,,,,,,,,,,,,,,,,,
Moldova,MDA,"Central government debt, total (% of GDP)",GC.DOD.TOTL.GD.ZS,,,,,,,,,,,,,,,,,,,,,,,,,,,,,,,,,,,,37.62866114,40.12318209,48.08693531,82.83278227,77.89845339,73.01886856,60.77464326,59.55925064,52.53376299,51.9542957,32.42510358,29.17929124,23.23956579,18.44251613,27.63222644,21.93256126,19.76667393,20.34713935,19.91795216,21.06600707,23.31358332,32.24744661,29.66749634,27.51077817,25.45101191,33.95557522,32.11877906,34.52131787,
Madagascar,MDG,"Central government debt, total (% of GDP)",GC.DOD.TOTL.GD.ZS,,,,,,,,,,,,,,,,,,,,,,,,,,,,,,,,,,,,,,,,,,,,,,,,,,,,,,,,,,,,,,,,
Maldives,MDV,"Central government debt, total (% of GDP)",GC.DOD.TOTL.GD.ZS,,,,,,,,,,,,,,,,,,,,,,,,,,,,,,,30.78233776,35.57346955,41.61546381,45.55156113,44.21170024,47.35205809,43.03527636,39.67038773,40.98673597,40.12629842,40.86440999,31.23087034,33.59083783,30.35237709,27.27304266,33.92711504,29.54088431,29.18427775,30.3431523,46.19355167,54.88541815,57.29812061,,,,,,,,,,,,
Middle East & North Africa,MEA,"Central government debt, total (% of GDP)",GC.DOD.TOTL.GD.ZS,,,,,,,,,,,,,,,,,,,,,,,,,,,,,,,,,,,,,,,,,,,,,,,,,,,,,,,,,,,,,,,,
Mexico,MEX,"Central government debt, total (% of GDP)",GC.DOD.TOTL.GD.ZS,,,,,,,,,,,,,,,,,,,,,,,,,,,,,,,46.62685739,38.21823649,28.14705402,19.24417333,26.8438814,30.74349889,23.93234683,19.74050527,21.00821738,19.47852446,18.19186334,,,,,,,,,,,,,,,,,,,41.29240819,45.84684875,44.98052296,44.04765463,
Marshall Islands,MHL,"Central government debt, total (% of GDP)",GC.DOD.TOTL.GD.ZS,,,,,,,,,,,,,,,,,,,,,,,,,,,,,,,,,,,,,,,,,,,,,,,,,71.73299542,72.06122966,69.0818259,56.16970228,52.5418353,52.9097312,49.54882707,47.60927443,48.53684613,47.89932404,44.11518709,41.7255807,,,,
Middle income,MIC,"Central government debt, total (% of GDP)",GC.DOD.TOTL.GD.ZS,,,,,,,,,,,,,,,,,,,,,,,,,,,,,,,,,,,,,,,,,,,,,,,,,,,,,,,,,,,,,,,,
North Macedonia,MKD,"Central government debt, total (% of GDP)",GC.DOD.TOTL.GD.ZS,,,,,,,,,,,,,,,,,,,,,,,,,,,,,,,,,,,,,,,,,,,,,,,,,,,,,,,,,,,,,,,,
Mali,MLI,"Central government debt, total (% of GDP)",GC.DOD.TOTL.GD.ZS,,,,,,,,,,,,,,,,,,,,,,,,,,,,,,,,,,,,,,,,,,,,,,,,,,,,,,,,,,,,,,,,
Malta,MLT,"Central government debt, total (% of GDP)",GC.DOD.TOTL.GD.ZS,,,,,,,,,,,,,,,,,,,,,,,,,,,,,,,46.91169936,52.92658573,56.87790644,66.64051706,69.8052684,,,,,,,,,,,,,,,,,,,,,,,,,,,,,
Myanmar,MMR,"Central government debt, total (% of GDP)",GC.DOD.TOTL.GD.ZS,,,,,,,,,,,,,,,,,,,,,,,,,,,,,,,,,,,,,,,,,,,,,,,,,,,,,,,,,,,,,,,,
Middle East & North Africa (excluding high income),MNA,"Central government debt, total (% of GDP)",GC.DOD.TOTL.GD.ZS,,,,,,,,,,,,,,,,,,,,,,,,,,,,,,,,,,,,,,,,,,,,,,,,,,,,,,,,,,,,,,,,
Montenegro,MNE,"Central government debt, total (% of GDP)",GC.DOD.TOTL.GD.ZS,,,,,,,,,,,,,,,,,,,,,,,,,,,,,,,,,,,,,,,,,,,,,,,,,,,,,,,,,,,,,,,,
Mongolia,MNG,"Central government debt, total (% of GDP)",GC.DOD.TOTL.GD.ZS,,,,,,,,,,,,,,,,,,,,,,,,,,,,,,,,,20.62167338,41.4415301,51.43452984,37.07128268,49.47963203,54.62757869,71.57533405,83.9144977,78.41832771,69.09979809,,,,,,,,,,,,,,,,,65.96531474,60.84403972,73.93678352,67.57101432,,
Northern Mariana Islands,MNP,"Central government debt, total (% of GDP)",GC.DOD.TOTL.GD.ZS,,,,,,,,,,,,,,,,,,,,,,,,,,,,,,,,,,,,,,,,,,,,,,,,,,,,,,,,,,,,,,,,
Mozambique,MOZ,"Central government debt, total (% of GDP)",GC.DOD.TOTL.GD.ZS,,,,,,,,,,,,,,,,,,,,,,,,,,,,,,,,,,,,,,,,,,,,,,,,,,,,,,,,,92.24244557,78.50460925,81.35371631,78.8783415,101.3909318,84.15696646,78.61972563,
Mauritania,MRT,"Central government debt, total (% of GDP)",GC.DOD.TOTL.GD.ZS,,,,,,,,,,,,,,,,,,,,,,,,,,,,,,,,,,,,,,,,,,,,,,,,,,,,,,,,,,,,,,,,
Mauritius,MUS,"Central government debt, total (% of GDP)",GC.DOD.TOTL.GD.ZS,,,,,,,,,,,,,,,,,,,,,,,,,,,,,,,39.12359004,39.39452826,31.53146541,29.82420792,30.74854228,32.43193827,35.27571961,35.34763421,33.14873783,30.99317623,31.690755,29.79413581,39.2885084,44.14300108,38.54440325,41.1387969,38.02889577,34.69344973,33.69887495,36.55647185,36.78737616,35.52041906,36.5088808,,,,,56.15751775,55.38179411,57.96166043,,,,
Malawi,MWI,"Central government debt, total (% of GDP)",GC.DOD.TOTL.GD.ZS,,,,,,,,,,,,,,,,,,,,,,,,,,,,,,,,,,,,,,,,,,,,,,,,,,20.11517217,19.26083004,18.84554484,28.46199291,24.91388917,27.9207565,27.33464605,37.88620773,34.29462257,41.69501142,44.68277868,,,52.63324146,
Malaysia,MYS,"Central government debt, total (% of GDP)",GC.DOD.TOTL.GD.ZS,,,,,,,,,,,,,,,,,,,,,,,,,,,,,,,79.53661793,73.31932151,64.37729789,55.69183595,47.61972977,41.06970284,,,,,,,43.04733921,45.0766413,45.69663832,42.06755976,40.58839614,40.08812577,39.79970284,50.8357456,49.55982307,50.02868164,51.64643162,52.99925192,52.67584873,53.57446973,51.89052753,50.04967774,51.18591488,52.42135021,62.00672151,63.25878018,60.26664042,
North America,NAC,"Central government debt, total (% of GDP)",GC.DOD.TOTL.GD.ZS,,,,,,,,,,,,,,,,,,,,,,,,,,,,,,39.1284002,40.93394357,44.06159728,46.05014442,48.24614033,47.35348217,49.77966173,49.41381975,46.74804257,43.80605046,40.16213014,35.44223531,52.87182072,53.88700604,55.82526849,55.82034127,55.6443397,54.42782299,54.25107712,62.23608927,73.90827191,82.24811929,86.52209098,90.41140873,91.72626536,91.70002235,92.54407066,94.35116398,93.3880477,94.582322,96.12707224,120.4490082,114.8062156,106.2046114,
Namibia,NAM,"Central government debt, total (% of GDP)",GC.DOD.TOTL.GD.ZS,,,,,,,,,,,,,,,,,,,,,,,,,,,,,,,,,,,,,,,,,,,,,,,,117.5152611,,,,,,,,,,,,,,,,
New Caledonia,NCL,"Central government debt, total (% of GDP)",GC.DOD.TOTL.GD.ZS,,,,,,,,,,,,,,,,,,,,,,,,,,,,,,,,,,,,,,,,,,,,,,,,,,,,,,,,,,,,,,,,
Niger,NER,"Central government debt, total (% of GDP)",GC.DOD.TOTL.GD.ZS,,,,,,,,,,,,,,,,,,,,,,,,,,,,,,,,,,,,,,,,,,,,,,,,,,,,,,,,,,,,,,,,
Nigeria,NGA,"Central government debt, total (% of GDP)",GC.DOD.TOTL.GD.ZS,,,,,,,,,,,,,,,,,,,,,,,,,,,,,,,,,,,,,,,,,,,,,,,,,,,,,,,,,,,,,,,,
Nicaragua,NIC,"Central government debt, total (% of GDP)",GC.DOD.TOTL.GD.ZS,,,,,,,,,,,,,,,,,,,,,,,,,,,,,,,,,,,,,,,,,,,,,,,,,,,,,,,,,,,,,,,,
Netherlands,NLD,"Central government debt, total (% of GDP)",GC.DOD.TOTL.GD.ZS,,,,,,,,,,,,,,,,,,,,,,,,,,,,,,,54.80317756,55.28956191,56.08873186,56.53138788,54.29444265,,,,,,,,,,,,,,,,,,,,,,,,,,,,,
Norway,NOR,"Central government debt, total (% of GDP)",GC.DOD.TOTL.GD.ZS,,,,,,,,,,,,,,,,,,,,,,,,,,,,,,,19.84701165,18.59428139,22.34283163,31.56075338,30.75201562,,,,,,,,,,,,,,,,,,,,,,,,,,,,,
Nepal,NPL,"Central government debt, total (% of GDP)",GC.DOD.TOTL.GD.ZS,,,,,,,,,,,,,,,,,,,,,,,,,,,,,,,52.62058095,64.91143044,61.65692299,63.68153823,66.54121,66.18364321,65.19788038,59.88242969,66.35144343,64.06810979,64.57331984,58.98914159,63.93546098,62.58819538,59.41566729,51.76462305,49.68696803,42.97866114,43.79998725,,33.86252123,,,,,,,,,31.77714735,39.04856313,39.92226864,,
Nauru,NRU,"Central government debt, total (% of GDP)",GC.DOD.TOTL.GD.ZS,,,,,,,,,,,,,,,,,,,,,,,,,,,,,,,,,,,,,,,,,,,,,,,,,,,,,,,,,,,,,,,,
New Zealand,NZL,"Central government debt, total (% of GDP)",GC.DOD.TOTL.GD.ZS,,,,,,,,,,,,,,,,,,,,,,,,,,,,,,,,,,,,,,,,,,,32.77638426,48.24533847,43.86751661,44.16984908,42.95248948,36.97535262,36.09600541,31.94142774,34.8105507,48.13583063,51.65650547,46.44952469,43.91030041,42.9302576,41.4034427,38.6627179,36.63081003,32.78862493,46.11850594,51.36975477,54.56667223,
OECD members,OED,"Central government debt, total (% of GDP)",GC.DOD.TOTL.GD.ZS,,,,,,,,,,,,,,,,,,,,,,,,,,,,,,,36.98266394,40.06524039,41.696547,42.10685263,44.68572614,51.65682252,52.51043613,52.52844789,53.59795153,53.28951778,51.16648128,62.26910369,64.29050689,66.48497967,67.54159723,67.69238476,66.17956142,66.07918125,72.18624652,84.41603763,90.22354449,95.89593944,98.93006565,100.0294744,102.5640572,103.0275313,105.2091748,104.7944012,105.586875,105.3167784,126.1248749,121.7076792,110.7792951,
Oman,OMN,"Central government debt, total (% of GDP)",GC.DOD.TOTL.GD.ZS,,,,,,,,,,,,,,,,,,,,,,,,,,,,,,,,,,,,,,,,,,,,,,,,,,,,,,,,,,,,,,,,
Other small states,OSS,"Central government debt, total (% of GDP)",GC.DOD.TOTL.GD.ZS,,,,,,,,,,,,,,,,,,,,,,,,,,,,,,,,,,,,,,,,,,,,,,,,,,,,,,,,,,,,,,,,
Pakistan,PAK,"Central government debt, total (% of GDP)",GC.DOD.TOTL.GD.ZS,,,,,,,,,,,,,,,,,,,,,,,,,,,,,,,78.77253509,76.09082892,74.52857679,78.91019052,,,,,79.08469198,,55.03242161,,,,,,,,,,,,,,,,,,,,,,,
Panama,PAN,"Central government debt, total (% of GDP)",GC.DOD.TOTL.GD.ZS,,,,,,,,,,,,,,,,,,,,,,,,,,,,,,,,,,,,,,,,,,,,,,,,,,,,,,,,,,,,,,,,
Peru,PER,"Central government debt, total (% of GDP)",GC.DOD.TOTL.GD.ZS,,,,,,,,,,,,,,,,,,,,,,,,,,,,,,,189.2462856,78.21675121,80.14272904,70.61609845,55.49153471,,,,,,,,,,,,32.53945754,28.52881839,26.07632235,26.40086588,23.68179134,20.72021657,19.21665946,18.39442038,19.5653896,22.86555447,23.70625643,24.74833951,25.72900096,26.52660503,34.76491504,35.24525371,,
Philippines,PHL,"Central government debt, total (% of GDP)",GC.DOD.TOTL.GD.ZS,,,,,,,,,,,,,,,,,,,,,,,,,,,,,,,45.00767451,43.58794931,46.26979037,58.83319795,49.41851146,53.47117815,46.55766342,48.69784833,58.28058291,52.83488971,58.5984332,59.26149558,64.71507455,71.1158091,71.6007252,65.70974312,58.79787399,51.57489163,52.43227093,52.40069313,50.19624148,48.80584812,49.1574552,47.14418186,43.42633894,,,,,,,,,
Palau,PLW,"Central government debt, total (% of GDP)",GC.DOD.TOTL.GD.ZS,,,,,,,,,,,,,,,,,,,,,,,,,,,,,,,,,,,,,,,,,,,,,,,,,23.24898827,23.9380964,32.3631556,25.49509149,26.84658247,22.89542626,21.51575114,61.97142144,66.3770589,77.98928049,83.78839453,85.23669516,,,,
Papua New Guinea,PNG,"Central government debt, total (% of GDP)",GC.DOD.TOTL.GD.ZS,,,,,,,,,,,,,,,,,,,,,,,,,,,,,,,48.95325401,46.6108276,44.86431447,44.32619013,53.54501564,53.66200139,55.6433691,62.40465563,66.35014609,63.53730092,57.74153126,68.26755673,69.73446013,,,,,,,,,,,,26.894612,29.87537774,33.7401901,32.68568941,36.674291,40.15359037,48.68010121,52.57596445,48.2553884,
Poland,POL,"Central government debt, total (% of GDP)",GC.DOD.TOTL.GD.ZS,,,,,,,,,,,,,,,,,,,,,,,,,,,,,,,,,,,60.45439847,,,,,,,,,,,,,,,,,,,,,,,,,,,,,
Pre-demographic dividend,PRE,"Central government debt, total (% of GDP)",GC.DOD.TOTL.GD.ZS,,,,,,,,,,,,,,,,,,,,,,,,,,,,,,,,,,,,,,,,,,,,,,,,,,,,,,,,,,,,,,,,
Puerto Rico,PRI,"Central government debt, total (% of GDP)",GC.DOD.TOTL.GD.ZS,,,,,,,,,,,,,,,,,,,,,,,,,,,,,,,,,,,,,,,,,,,,,,,,,,,,,,,,,,,,,,,,
"Korea, Dem. People's Rep.",PRK,"Central government debt, total (% of GDP)",GC.DOD.TOTL.GD.ZS,,,,,,,,,,,,,,,,,,,,,,,,,,,,,,,,,,,,,,,,,,,,,,,,,,,,,,,,,,,,,,,,
Portugal,PRT,"Central government debt, total (% of GDP)",GC.DOD.TOTL.GD.ZS,,,,,,,,,,,,,,,,,,,,,,,,,,,,,,,,,,8.245737735,5.65740457,,,,,,,,,,,,,,,,,,,,,,,,,,,,,
Paraguay,PRY,"Central government debt, total (% of GDP)",GC.DOD.TOTL.GD.ZS,,,,,,,,,,,,,,,,,,,,,,,,,,,,,,,,,,,,,,,,,,,,,,,,,,,,,,,,,,,,,,,,
West Bank and Gaza,PSE,"Central government debt, total (% of GDP)",GC.DOD.TOTL.GD.ZS,,,,,,,,,,,,,,,,,,,,,,,,,,,,,,,,,,,,,,,,,,,,,,,,,,,,,,,,,,,,,,,,
Pacific island small states,PSS,"Central government debt, total (% of GDP)",GC.DOD.TOTL.GD.ZS,,,,,,,,,,,,,,,,,,,,,,,,,,,,,,,,,,,,,,,,,,,,,,,,,,,,,,,,,,,,,,,,
Post-demographic dividend,PST,"Central government debt, total (% of GDP)",GC.DOD.TOTL.GD.ZS,,,,,,,,,,,,,,,,,,,,,,,,,,,,,,,36.37404655,40.00530411,42.05714672,42.74322572,44.9076976,52.8164855,53.95416785,53.97424739,55.98436615,55.06015389,53.16406594,62.67818678,64.77347966,67.21835586,68.09515489,68.06920553,66.48266585,66.34299445,73.12974872,85.47830239,91.38812844,97.29118125,100.2733988,101.4733766,104.4481824,105.2447974,107.3868118,107.0062088,107.7675865,109.5707128,131.4780346,127.1211289,115.7021542,
French Polynesia,PYF,"Central government debt, total (% of GDP)",GC.DOD.TOTL.GD.ZS,,,,,,,,,,,,,,,,,,,,,,,,,,,,,,,,,,,,,,,,,,,,,,,,,,,,,,,,,,,,,,,,
Qatar,QAT,"Central government debt, total (% of GDP)",GC.DOD.TOTL.GD.ZS,,,,,,,,,,,,,,,,,,,,,,,,,,,,,,,,,,,,,,,,,,,,,,,,,,,,,,,,,,,,,,,,
Romania,ROU,"Central government debt, total (% of GDP)",GC.DOD.TOTL.GD.ZS,,,,,,,,,,,,,,,,,,,,,,,,,,,,,,,,,,,,,,,29.48267523,30.00968683,27.84473453,28.52139083,27.78578395,25.05641484,21.65859994,19.35322537,16.29183289,17.61361466,18.33595512,28.23145055,34.13583726,37.24773345,40.38824264,43.88270067,46.26934363,45.16991522,47.279933,44.32707463,42.56473483,43.36184448,57.29586358,55.9129588,50.45296898,
Russian Federation,RUS,"Central government debt, total (% of GDP)",GC.DOD.TOTL.GD.ZS,,,,,,,,,,,,,,,,,,,,,,,,,,,,,,,,,,,,,,,143.9489995,100.7441377,62.14888887,48.98361534,41.35271686,,,16.66086845,9.89107286,7.158430117,6.495287438,8.697866335,9.098105645,8.641081944,8.551408593,9.06725564,11.20046128,13.54076578,14.24173958,16.32537412,16.16857899,17.27604844,22.99202104,20.86669922,19.50623768,
Rwanda,RWA,"Central government debt, total (% of GDP)",GC.DOD.TOTL.GD.ZS,,,,,,,,,,,,,,,,,,,,,,,,,,,,,,,49.79692027,47.8601031,48.42897426,,,,,,,,,,,,,,,,,,,,,,,,,,,,,,,
South Asia,SAS,"Central government debt, total (% of GDP)",GC.DOD.TOTL.GD.ZS,,,,,,,,,,,,,,,,,,,,,,,,,,,,,,,55.10882588,54.35972404,53.79390673,56.08367211,51.37449695,49.3635521,47.59002596,51.71336232,54.64067189,53.02380822,56.41057669,58.23644658,61.48070298,60.99430972,63.92893884,63.09185988,60.55628987,58.27771033,57.0954415,56.35294478,52.03405593,52.18428125,51.27377082,50.99790607,50.60736892,50.84335234,47.67402944,47.62576916,46.56564716,,,,,
Saudi Arabia,SAU,"Central government debt, total (% of GDP)",GC.DOD.TOTL.GD.ZS,,,,,,,,,,,,,,,,,,,,,,,,,,,,,,,,,,,,,,,,,,,,,,,,,,,,,,,,,,,,,,,,
Sudan,SDN,"Central government debt, total (% of GDP)",GC.DOD.TOTL.GD.ZS,,,,,,,,,,,,,,,,,,,,,,,,,,,,,,,,,,,,,,,7.869491684,8.658732429,,,,,,,,,,,,,,,,,,,,,,,,
Senegal,SEN,"Central government debt, total (% of GDP)",GC.DOD.TOTL.GD.ZS,,,,,,,,,,,,,,,,,,,,,,,,,,,,,,,,,,,,,,,,,,,,,,,,,,,,,,,,,,,,,,,,
Singapore,SGP,"Central government debt, total (% of GDP)",GC.DOD.TOTL.GD.ZS,,,,,,,,,,,,,,,,,,,,,,,,,,,,,,,77.85531186,78.97732192,81.88275581,72.87963718,70.28183455,72.78049031,72.73533406,71.36072927,82.59911664,87.86037846,83.84229173,93.93631251,106.3325409,108.5899838,101.779019,94.96669378,82.83748054,77.2760743,96.40996475,106.3724683,101.4497824,104.7851838,107.8280936,99.44648886,99.60979867,103.3208398,109.0564224,109.3294184,110.7576026,127.8267457,151.5663247,150.1419128,,
Solomon Islands,SLB,"Central government debt, total (% of GDP)",GC.DOD.TOTL.GD.ZS,,,,,,,,,,,,,,,,,,,,,,,,,,,,,,,,,,,,,,,,,,,,,,,,,,,,13.92680834,11.59243936,10.1052824,8.720339804,6.737625634,6.259588741,8.402457923,7.685645856,7.74418283,11.46390032,,15.39316607,
Sierra Leone,SLE,"Central government debt, total (% of GDP)",GC.DOD.TOTL.GD.ZS,,,,,,,,,,,,,,,,,,,,,,,,,,,,,,,,,,,,,,,,,,,,,,,,,,,,,,,,,,,,,,,,
El Salvador,SLV,"Central government debt, total (% of GDP)",GC.DOD.TOTL.GD.ZS,,,,,,,,,,,,,,,,,,,,,,,,,,,,,,,,,,,,,,,24.65293389,28.19066346,27.37640894,35.37055254,62.44694538,57.91122341,56.5005963,56.21581168,50.51222227,48.48237248,48.42693762,58.14692057,57.49428662,54.56257098,54.85233981,62.39927679,50.83795443,51.27840327,52.06565617,55.24851882,52.21428201,53.87903936,70.3842794,66.46905259,,
San Marino,SMR,"Central government debt, total (% of GDP)",GC.DOD.TOTL.GD.ZS,,,,,,,,,,,,,,,,,,,,,,,,,,,,,,,,,,,,,,,,,,,12.73482815,26.5286654,31.92336779,39.34232543,47.76561176,47.45096013,46.86853833,46.60740073,54.97249266,44.82937546,51.21772188,54.02301355,53.32455944,56.93022907,57.32808753,54.59344477,55.94045509,55.0853181,98.34762147,95.12009922,,
Somalia,SOM,"Central government debt, total (% of GDP)",GC.DOD.TOTL.GD.ZS,,,,,,,,,,,,,,,,,,,,,,,,,,,,,,,,,,,,,,,,,,,,,,,,,,,,,,,,,,,,,,,,
Serbia,SRB,"Central government debt, total (% of GDP)",GC.DOD.TOTL.GD.ZS,,,,,,,,,,,,,,,,,,,,,,,,,,,,,,,,,,,,,,,,,,,,,,,,,,,,,,,,,,,,,,,,
Sub-Saharan Africa (excluding high income),SSA,"Central government debt, total (% of GDP)",GC.DOD.TOTL.GD.ZS,,,,,,,,,,,,,,,,,,,,,,,,,,,,,,,,,,,,,,,,,,,,,,,,,,,,,,,,,,,,,,,,
South Sudan,SSD,"Central government debt, total (% of GDP)",GC.DOD.TOTL.GD.ZS,,,,,,,,,,,,,,,,,,,,,,,,,,,,,,,,,,,,,,,,,,,,,,,,,,,,,,,,,,,,,,,,
Sub-Saharan Africa,SSF,"Central government debt, total (% of GDP)",GC.DOD.TOTL.GD.ZS,,,,,,,,,,,,,,,,,,,,,,,,,,,,,,,,,,,,,,,,,,,,,,,,,,,,,,,,,,,,,,,,
Small states,SST,"Central government debt, total (% of GDP)",GC.DOD.TOTL.GD.ZS,,,,,,,,,,,,,,,,,,,,,,,,,,,,,,,,,,,,,,,,,,,,,,,,,,,,,,,,,,,,,,,,
Sao Tome and Principe,STP,"Central government debt, total (% of GDP)",GC.DOD.TOTL.GD.ZS,,,,,,,,,,,,,,,,,,,,,,,,,,,,,,,,,,,,,,,,,,,,,,,,,,,,,,,,,,,,,,,,
Suriname,SUR,"Central government debt, total (% of GDP)",GC.DOD.TOTL.GD.ZS,,,,,,,,,,,,,,,,,,,,,,,,,,,,,,,,,,,,,,,,,,,,,,,,,,,,,,,,,,,,,,,,
Slovak Republic,SVK,"Central government debt, total (% of GDP)",GC.DOD.TOTL.GD.ZS,,,,,,,,,,,,,,,,,,,,,,,,,,,,,,,,,,,,,,,37.06398228,47.43738583,53.94445171,53.36995841,47.47811516,45.67213181,44.10518805,38.61380134,36.60979828,34.99149159,34.03770555,42.04436507,45.56012091,48.58053773,58.48775229,63.21077128,65.8810865,64.83448553,66.41586188,64.35388113,63.78348018,63.11211149,78.32609648,78.8419015,64.50713215,
Slovenia,SVN,"Central government debt, total (% of GDP)",GC.DOD.TOTL.GD.ZS,,,,,,,,,,,,,,,,,,,,,,,,,,,,,,,,,,18.53903254,16.24804799,,,,,,,,,,,,,,,,,,,,,,,,,,,,,
Sweden,SWE,"Central government debt, total (% of GDP)",GC.DOD.TOTL.GD.ZS,,,,,,,,,,,,,,,,,,,,,,,,,,,,,,,,31.99348606,36.61367722,49.95592763,57.52924221,,85.68288018,87.96572409,87.86634803,77.83906692,70.27831726,60.86975797,59.47271638,58.18007502,57.59725305,57.86921908,51.63242856,45.69496892,45.64558959,46.92348512,43.3019148,43.68472373,43.51024796,45.16954245,49.45450857,47.43432063,46.18805621,43.94797165,42.26471976,38.67054128,44.02404031,40.49442292,36.25306055,
Eswatini,SWZ,"Central government debt, total (% of GDP)",GC.DOD.TOTL.GD.ZS,,,,,,,,,,,,,,,,,,,,,,,,,,,,,,,,,,,,,,,,22.71064208,,,,,,,,,,,12.73341076,12.51209498,12.88235657,,13.86244123,15.75973646,20.04145292,22.1829572,26.9820662,30.60913941,39.82728193,35.40166564,,
Sint Maarten (Dutch part),SXM,"Central government debt, total (% of GDP)",GC.DOD.TOTL.GD.ZS,,,,,,,,,,,,,,,,,,,,,,,,,,,,,,,,,,,,,,,,,,,,,,,,,,,,,,,,,,,,,,,,
Seychelles,SYC,"Central government debt, total (% of GDP)",GC.DOD.TOTL.GD.ZS,,,,,,,,,,,,,,,,,,,,,,,,,,,,,,,,,,,,,,,,,,,,,,,,,174.6843865,100.0316701,74.45706915,79.3554397,75.99630332,51.69741641,66.62458987,60.91225257,,,,,,,,
Syrian Arab Republic,SYR,"Central government debt, total (% of GDP)",GC.DOD.TOTL.GD.ZS,,,,,,,,,,,,,,,,,,,,,,,,,,,,,,,,,,,,,,,,,,,,,,,,,,,,,,,,,,,,,,,,
Turks and Caicos Islands,TCA,"Central government debt, total (% of GDP)",GC.DOD.TOTL.GD.ZS,,,,,,,,,,,,,,,,,,,,,,,,,,,,,,,,,,,,,,,,,,,,,,,,,,,,,,,,,,,,,,,,
Chad,TCD,"Central government debt, total (% of GDP)",GC.DOD.TOTL.GD.ZS,,,,,,,,,,,,,,,,,,,,,,,,,,,,,,,,,,,,,,,,,,,,,,,,,,,,,,,,,,,,,,,,
East Asia & Pacific (IDA & IBRD countries),TEA,"Central government debt, total (% of GDP)",GC.DOD.TOTL.GD.ZS,,,,,,,,,,,,,,,,,,,,,,,,,,,,,,,,,,,,,,,,,,,,,,,,,,,,,,,,,,,,,,,,
Europe & Central Asia (IDA & IBRD countries),TEC,"Central government debt, total (% of GDP)",GC.DOD.TOTL.GD.ZS,,,,,,,,,,,,,,,,,,,,,,,,,,,,,,,,,,,,,,,95.93730379,,,,,,,,,,18.48675477,23.30467326,22.42589656,21.88369082,21.55043803,20.71328185,23.13105036,24.41337134,25.29795375,25.73547603,25.15783857,26.58020008,33.45639881,31.23161203,28.1437082,
Togo,TGO,"Central government debt, total (% of GDP)",GC.DOD.TOTL.GD.ZS,,,,,,,,,,,,,,,,,,,,,,,,,,,,,,,,,,,,,,,,,,,,,,,,,,,,,,,,,,,,,,,,
Thailand,THA,"Central government debt, total (% of GDP)",GC.DOD.TOTL.GD.ZS,,,,,,,,,,,,,,,,,,,,,,,,,,,,,,,18.44775385,13.36556734,10.87899516,8.186243537,5.693219737,4.610094712,3.673497457,4.641520409,10.66985739,20.00577892,21.96458651,24.57833404,30.07035627,27.04601837,24.3963998,25.45812828,24.38065915,22.99346683,22.45021726,26.7791952,26.90084554,28.1319763,28.44471602,40.06185329,36.49665132,37.86886742,38.48944058,,39.24916592,40.14037312,50.3227815,58.47959989,60.34985768,
Tajikistan,TJK,"Central government debt, total (% of GDP)",GC.DOD.TOTL.GD.ZS,,,,,,,,,,,,,,,,,,,,,,,,,,,,,,,,,,,,,,,,,114.076118,79.80407988,,,,,,,,,,,,,,,,,,,,,,
Turkmenistan,TKM,"Central government debt, total (% of GDP)",GC.DOD.TOTL.GD.ZS,,,,,,,,,,,,,,,,,,,,,,,,,,,,,,,,,,,,,,,,,,,,,,,,,,,,,,,,,,,,,,,,
Latin America & the Caribbean (IDA & IBRD countries),TLA,"Central government debt, total (% of GDP)",GC.DOD.TOTL.GD.ZS,,,,,,,,,,,,,,,,,,,,,,,,,,,,,,,,,,,,,,,,,,,,,,,,,,,,,,,,,,,,70.7373839,77.70824936,69.25901014,66.49092413,
Timor-Leste,TLS,"Central government debt, total (% of GDP)",GC.DOD.TOTL.GD.ZS,,,,,,,,,,,,,,,,,,,,,,,,,,,,,,,,,,,,,,,,,,,,,,,,,,,,,,,,,,,,,,,,
Middle East & North Africa (IDA & IBRD countries),TMN,"Central government debt, total (% of GDP)",GC.DOD.TOTL.GD.ZS,,,,,,,,,,,,,,,,,,,,,,,,,,,,,,,,,,,,,,,,,,,,,,,,,,,,,,,,,,,,,,,,
Tonga,TON,"Central government debt, total (% of GDP)",GC.DOD.TOTL.GD.ZS,,,,,,,,,,,,,,,,,,,,,,,,,,,,,,,,,,,,,,,,,,,,,,,,,,,,,,49.03808398,47.4764851,51.17607957,49.4146055,45.58308598,48.69682208,42.54780521,45.01577568,,,
South Asia (IDA & IBRD),TSA,"Central government debt, total (% of GDP)",GC.DOD.TOTL.GD.ZS,,,,,,,,,,,,,,,,,,,,,,,,,,,,,,,55.10882588,54.35972404,53.79390673,56.08367211,51.37449695,49.3635521,47.59002596,51.71336232,54.64067189,53.02380822,56.41057669,58.23644658,61.48070298,60.99430972,63.92893884,63.09185988,60.55628987,58.27771033,57.0954415,56.35294478,52.03405593,52.18428125,51.27377082,50.99790607,50.60736892,50.84335234,47.67402944,47.62576916,46.56564716,,,,,
Sub-Saharan Africa (IDA & IBRD countries),TSS,"Central government debt, total (% of GDP)",GC.DOD.TOTL.GD.ZS,,,,,,,,,,,,,,,,,,,,,,,,,,,,,,,,,,,,,,,,,,,,,,,,,,,,,,,,,,,,,,,,
Trinidad and Tobago,TTO,"Central government debt, total (% of GDP)",GC.DOD.TOTL.GD.ZS,,,,,,,,,,,,,,,,,,,,,,,,,,,,,,,,,,,,,,,,,,,,,,,16.80320685,15.92800424,,,,,,,,,,,,,,,,
Tunisia,TUN,"Central government debt, total (% of GDP)",GC.DOD.TOTL.GD.ZS,,,,,,,,,,,,,,,,,,,,,,,,,,,,,,,54.7703801,60.67271881,55.49913175,59.30982746,59.03451416,57.51826787,55.29651794,56.93532781,54.28174403,55.63863638,56.72127583,56.46781997,55.934434,55.02131557,53.83755809,52.42052972,48.56391046,45.7824705,43.28770543,42.92979215,38.7660003,42.48072245,42.5197543,,,,,,,,,,,
Turkiye,TUR,"Central government debt, total (% of GDP)",GC.DOD.TOTL.GD.ZS,,,,,,,,,,,,,,,,,,,,,,,,,,,,,,,30.2454942,32.12991113,34.01727506,33.69822326,44.01750571,35.84140076,37.92075014,44.29328872,30.296628,,,,,,,,,,40.88917536,48.47102586,45.14531479,40.07695381,37.96022912,32.12164528,31.34641668,29.00567489,30.03332723,29.66707698,29.2112895,33.90480027,41.80164017,42.57572084,35.24579457,
Tuvalu,TUV,"Central government debt, total (% of GDP)",GC.DOD.TOTL.GD.ZS,,,,,,,,,,,,,,,,,,,,,,,,,,,,,,,,,,,,,,,,,,,,,,,,,,,,,,,,,,,,,,,,
Tanzania,TZA,"Central government debt, total (% of GDP)",GC.DOD.TOTL.GD.ZS,,,,,,,,,,,,,,,,,,,,,,,,,,,,,,,,,,,,,,,,,,,,,,,,,,,,,,,,,,,,,,,,
Uganda,UGA,"Central government debt, total (% of GDP)",GC.DOD.TOTL.GD.ZS,,,,,,,,,,,,,,,,,,,,,,,,,,,,,,,,,,,,,,,,,,,,,,,,,,,,,,,,,,,34.67357099,38.47694531,44.18591431,51.30266235,53.89028306,
Ukraine,UKR,"Central government debt, total (% of GDP)",GC.DOD.TOTL.GD.ZS,,,,,,,,,,,,,,,,,,,,,,,,,,,,,,,,,,,,,,,,60.9764493,43.72978743,,,,,,,,13.22995421,23.99003423,28.86663662,26.48082017,32.44591172,35.63139959,63.66531919,70.25883762,71.80954545,66.73464651,56.90595067,48.3272696,58.71618507,,,
Upper middle income,UMC,"Central government debt, total (% of GDP)",GC.DOD.TOTL.GD.ZS,,,,,,,,,,,,,,,,,,,,,,,,,,,,,,,,,,,,,,,,,,,,,,,,,,,,,,,,,,,,,,,,
Uruguay,URY,"Central government debt, total (% of GDP)",GC.DOD.TOTL.GD.ZS,,,,,,,,,,,,,,,,,,,,,,,,,,,,,,,31.59596304,24.59057576,23.60477732,21.87914304,24.53018807,,,,,,,40.64333486,95.26786072,105.6027809,85.42559412,76.11445971,68.46070459,57.55998188,55.86657947,47.69550144,42.46663881,43.20741688,41.02823475,40.08849438,41.28500074,47.27655851,46.45846687,45.07438521,47.34159709,50.13138931,60.27843187,,,
United States,USA,"Central government debt, total (% of GDP)",GC.DOD.TOTL.GD.ZS,,,,,,,,,,,,,,,,,,,,,,,,,,,,,,39.1284002,40.93394357,44.06159728,46.05014442,48.24614033,47.35348217,47.20953529,46.74176855,44.11748247,41.12915443,37.72728802,33.26764187,52.44368016,53.86253846,56.25036551,56.66227341,56.53885742,55.46735161,55.6599219,63.81511215,75.84203748,84.96437398,89.54679478,93.64927461,95.32250561,95.45419851,95.95614522,97.92893485,97.02163491,98.44977246,100.1190443,124.7331772,118.8885019,110.3853317,
Uzbekistan,UZB,"Central government debt, total (% of GDP)",GC.DOD.TOTL.GD.ZS,,,,,,,,,,,,,,,,,,,,,,,,,,,,,,,,,,,,,,,,,,,,,,,,,,,,,,,,,,,,,,,,
St. Vincent and the Grenadines,VCT,"Central government debt, total (% of GDP)",GC.DOD.TOTL.GD.ZS,,,,,,,,,,,,,,,,,,,,,,,,,,,,,,,31.52590949,31.58246614,33.63180898,40.70993364,43.26406306,43.35341413,41.60800876,39.38316045,40.0388592,51.94608224,47.91189059,45.51155331,49.55342689,52.48280632,56.31325012,54.27042394,51.31649309,43.85712232,43.51450831,53.69823988,,,,,,,,,,,,,,
"Venezuela, RB",VEN,"Central government debt, total (% of GDP)",GC.DOD.TOTL.GD.ZS,,,,,,,,,,,,,,,,,,,,,,,,,,,,,,,,,,,,,,,,,,,,,,,,,,,,,,,,,,,,,,,,
British Virgin Islands,VGB,"Central government debt, total (% of GDP)",GC.DOD.TOTL.GD.ZS,,,,,,,,,,,,,,,,,,,,,,,,,,,,,,,,,,,,,,,,,,,,,,,,,,,,,,,,,,,,,,,,
Virgin Islands (U.S.),VIR,"Central government debt, total (% of GDP)",GC.DOD.TOTL.GD.ZS,,,,,,,,,,,,,,,,,,,,,,,,,,,,,,,,,,,,,,,,,,,,,,,,,,,,,,,,,,,,,,,,
Viet Nam,VNM,"Central government debt, total (% of GDP)",GC.DOD.TOTL.GD.ZS,,,,,,,,,,,,,,,,,,,,,,,,,,,,,,,,,,,,,,,,,,,,,,,,,,,,,,,,,,,,,,,,
Vanuatu,VUT,"Central government debt, total (% of GDP)",GC.DOD.TOTL.GD.ZS,,,,,,,,,,,,,,,,,,,,,,,,,,,,,,,23.41696596,,,,,24.18345079,22.3390411,23.35316079,28.40314527,27.30321163,,,,,,,,,,,,,,,,,,,,,,87.07208983,,
World,WLD,"Central government debt, total (% of GDP)",GC.DOD.TOTL.GD.ZS,,,,,,,,,,,,,,,,,,,,,,,,,,,,,,,,,,,,,,,,,,,,,,,,,,,,,,,,,,,,,,,,
Samoa,WSM,"Central government debt, total (% of GDP)",GC.DOD.TOTL.GD.ZS,,,,,,,,,,,,,,,,,,,,,,,,,,,,,,,,,,,,,,,,,,,,,,,,,,,,,,,,,,,,,,,,
Kosovo,XKX,"Central government debt, total (% of GDP)",GC.DOD.TOTL.GD.ZS,,,,,,,,,,,,,,,,,,,,,,,,,,,,,,,,,,,,,,,,,,,,,,,,,,,,,,,,,,,,,,,,
"Yemen, Rep.",YEM,"Central government debt, total (% of GDP)",GC.DOD.TOTL.GD.ZS,,,,,,,,,,,,,,,,,,,,,,,,,,,,,,,,,,,,,,,,,,,,,,,,,,,,,,,,,,,,,,,,
South Africa,ZAF,"Central government debt, total (% of GDP)",GC.DOD.TOTL.GD.ZS,,,,,,,,,,,,,,,,,,,,,,,,,,,,,,,32.39719496,33.91359083,36.9022311,39.95077209,44.81696974,44.86861899,44.22987592,43.175546,44.65426177,42.1780316,39.63905838,,,,,,,,,,,,,,,52.65115724,53.73879139,56.25972084,59.10231141,64.58927814,75.65460765,73.94161886,76.54746786,
Zambia,ZMB,"Central government debt, total (% of GDP)",GC.DOD.TOTL.GD.ZS,,,,,,,,,,,,,,,,,,,,,,,,,,,,,,,244.3805364,277.530308,164.7007536,161.7860769,149.2098899,155.2792246,175.9344907,150.0725489,161.2321579,,,,,,,,,,,,17.32151148,18.04990936,23.48891928,24.22399414,44.39586759,49.40734735,46.43289358,52.28094184,59.71222117,61.93011738,103.5431523,71.41117617,,
Zimbabwe,ZWE,"Central government debt, total (% of GDP)",GC.DOD.TOTL.GD.ZS,,,,,,,,,,,,,,,,,,,,,,,,,,,,,,,,,,,,,,,,,,,,,,,,,,,,,,,,,,,,,,,,
